A,B,C,D,E,Item,Patrimônio,P. Antigo,Descrição,Localização,VI. Aquisição (R$)
FALSE,FALSE,FALSE,FALSE,FALSE,8,21086,,"ROTULADORA. DESCRICAO: MODELO PT 1600, P/ IMPRESSÃO DE CABEAMENTOS, IMPRESSÃO HORIZONTAL, VERTICAL E ESPELHADA E CÓDIGOS DE BARRA, ACOMPANHADO DE FONTE 120V/7,8VDC ","001082-0100000092 - SEÇÃO DE SUPORTE E ATENDIMENTO AO USUÁRIO - SESAT 100000279-TRE-CE NOVA SEDE TÉRREO - RUA DR. PONTES NETO, 800 BAIRRO LUCIANO CAVALCANTE - SESAT ",1320
FALSE,FALSE,FALSE,FALSE,FALSE,9,22632,,APARELHO DE VIDEO CASSETE DESCRICAO: 7 CABEÇAS MARCA: SEMP TOSHIBA MODELO: VC X912 SERIE: AA019862,"0607-30304001 - SEÇÃO DE ATENDIMENTO E APOIO AO USUÁRIO - SECAT-01010200 - TRE CE-SEDE - CENTRO, 1º ANDAR SECAT ",330
FALSE,FALSE,FALSE,FALSE,FALSE,10,26171,,CAMERA FOTOGRAFICA DIGITAL DESCRICAO: 7.2 MP MARCA: SONY MODELO: DSC-P200-SERIE: 9006877,"001082-0100000092 - SEÇÃO DE SUPORTE E ATENDIMENTO AO USUÁRIO SESAT 100000279-TRE-CE NOVA SEDE TÉRREO - RUA DR. PONTES NETO, 800 BAIRRO LUCIANO CAVALCANTE SESAT ",715
FALSE,FALSE,FALSE,FALSE,FALSE,11,26758,,"MESA PARA MICROCOMPUTADOR DESCRICAO: REVESTIDA EM LAMINADO MELAMINICO NA COR OVO, MED. 0,80Χ0,60X0,74M, C/TECLADO TELESCÓPICO ","000960 30304001 SEÇÃO DE ATENDIMENTO E ΑΡΟΙΟ ΑΟ USUÁRIO SECAT-100000279-TRE-CE-NOVA SEDE - TÉRREO - RUA DR. PONTES NETO, 800- BAIRRO LUCIANO CAVALCANTE SECAT ","150,48"
FALSE,FALSE,FALSE,FALSE,FALSE,16,29297,,MULTIMETRO DIGITAL-MARCA: MINIPA - MODELO: ET-2042-SERIE: 28876,"0607-30304001 - SEÇÃO DE ATENDIMENTO E APOIO AO USUÁRIO - SECAT-01010200- TRE_CE-SEDE - CENTRO, 1º ANDAR - SECAT ","84,97"
FALSE,FALSE,FALSE,FALSE,FALSE,17,29299,,MULTIMETRO DIGITAL - MARCA: MΙΝΙΡΑ - MODELO: ET-2042-SERIE: 28878,"0607-30304001 - SEÇÃO DE ATENDIMENTO E APOIO AO USUÁRIO - SECAT-01010200- TRE CE-SEDE - CENTRO, 1º ANDAR SECAT ","84,97"
FALSE,FALSE,FALSE,FALSE,FALSE,28,30358,,MULTIMETRO DIGITAL - MARCA: MΙΝΙΡΑ - MODELO: ET-2042-SERIE: ET204C029656,"0607-30304001 - SEÇÃO DE ATENDIMENTO E APOIO AO USUÁRIO - SECAT-01010200- TRE CE-SEDE - CENTRO, 1º ANDAR SECAT ","84,97"
FALSE,FALSE,FALSE,FALSE,FALSE,29,30361,,MULTIMETRO DIGITAL-MARCA: MINIΙΡΑ - MODELO: ET-2042-SERIE: ET204C029642,"0607-30304001 - SEÇÃO DE ATENDIMENTO E APOIO AO USUÁRIO - SECAT-01010200- TRE_CE-SEDE - CENTRO, 1º ANDAR SECAT ","84,97"
FALSE,FALSE,FALSE,FALSE,FALSE,31,31475,,MONITOR DE VIDEO LCD - DESCRICAO: 17 POLEGADAS-MARCA: SAMSUNG-SERIE: MY17HQAQC01280,"001082-0100000092 - SEÇÃO DE SUPORTE E ATENDIMENTO AO USUÁRIO - SESAT 100000279-TRE-CE NOVA SEDE TERREO - RUA DR. PONTES NETO, 800 BAIRRO LUCIANO CAVALCANTE - SESAT ","533,6"
FALSE,FALSE,FALSE,FALSE,FALSE,35,33690,,"SWITCH PARA REDES - DESCRICAO: FAST ETHERNET 10/100, 16 PORTAS SERIE: A500097300539 ","001082-0100000092 - SEÇÃO DE SUPORTE E ATENDIMENTO AO USUÁRIO - SESAT 100000279-TRE-CE NOVA SEDE TÉRREO - RUA DR. PONTES NETO, 800 BAIRRO LUCIANO CAVALCANTE SESAT ","139,59"
FALSE,FALSE,FALSE,FALSE,FALSE,46,39470,,NO BREAK. DESCRICAO: 700 VA-MARCA: MICROSOL MODELO: STAY 700 USB - SERIE: 5709290195,"001082-0100000092 - SEÇÃO DE SUPORTE E ATENDIMENTO AO USUÁRIO SESAT 100000279-TRE-CE NOVA SEDE TERREO - RUA DR. PONTES NETO, 800 BAIRRO LUCIANO CAVALCANTE SESAT ",175
FALSE,FALSE,FALSE,FALSE,FALSE,47,39773,,"MONITOR DE VIDEO LCD - DESCRICAO: 19"""" - MARCA: ITAUTEC MODELO: W1942PE- SERIE: 2024057 ","001082-0100000092 - SEÇÃO DE SUPORTE E ATENDIMENTO AO USUÁRIO SESAT 100000279-TRE-CENOVA SEDE TÉRREO - RUA DR. PONTES NETO, 800 BAIRRO LUCIANO CAVALCANTE - SESAT ","269,99"
FALSE,FALSE,FALSE,FALSE,FALSE,49,40079,,NO BREAK. DESCRICAO: 700 VA MARCA: MICROSOL - MODELO: STAY 700 SERIE: 5793170249,"001082-0100000092 - SEÇÃO DE SUPORTE E ATENDIMENTO AO USUÁRIO SESAT 100000279-TRE-CENOVA SEDE TÉRREO - RUA DR. PONTES NETO, 800 BAIRRO LUCIANO CAVALCANTE - SESAT ",175
FALSE,FALSE,FALSE,FALSE,FALSE,55,42442,,CADEIRA GIRATORIA EM TECIDO DESCRICAO: MICROPERFURADO COR PRETA SEM BRAÇOS - MARCA: FLEXFORM,"000960 30304001 SEÇÃO DE ATENDIMENTO E ΑΡΟΙΟ AO USUÁRIO SECAT-100000279-TRE-CE-NOVA SEDE - TÉRREO - RUA DR. PONTES NETO, 800- BAIRRO LUCIANO CAVALCANTE SECAT ",458.00
FALSE,FALSE,FALSE,FALSE,FALSE,62,43910,,"MICROCOMPUTADOR PORTATIL (NOTEBOOK) DESCRICAO: PROCESSADOR INTEL CORE I5 3210M, MEMORIA 4GB, HD 500GB, TELA 14"""" LED, (32549CP). MARCA: LENOVO MODELO: THINKPAD E430-SERIE: R7-01PLD ","000960 30304001 SEÇÃO DE ATENDIMENTO E ΑΡΟΙΟ AO USUÁRIO SECAT-100000279-TRE-CE-NOVA SEDE - TERREO - RUA DR. PONTES NETO, 800 - BAIRRO LUCIANO CAVALCANTE SECAT ",2583
FALSE,FALSE,FALSE,FALSE,FALSE,63,44392,,"POLTRONA GIRATORIA EM TECIDO DESCRICAO: COR PRETA, TIPO DIRETOR, ESPALDAR MÉDIO ","000960 30304001 SEÇÃO DE ATENDIMENTO E ΑΡΟΙΟ ΑΟ USUÁRIO SECAT-100000279-TRE-CE-NOVA SEDE - TERREO - RUA DR. PONTES NETO, 800- BAIRRO LUCIANO CAVALCANTE SECAT ",570
FALSE,FALSE,FALSE,FALSE,FALSE,71,46956,,"DOCK STATION PARA 3 HD'S - DESCRICAO: SUPORTE A DISCOS DE 2.5"""" E 3.5 SATA I, II E III;; INTERFACE COM DUAS PORTAS USB 2.0 E 6 LEITORES DE CARTÃO SD/MS/M2/XD/CF/TF; COMPATIBILIDADE COM HOT-SWAP E PLUG AND PLAY, MARCA: EMPIRE - MODELO: 893U2 ","001082-0100000092 - SEÇÃO DE SUPORTE E ATENDIMENTO AO USUÁRIO SESAT 100000279-TRE-CE NOVA SEDE TÉRREO-RUA DR. PONTES NETO, 800 BAIRRO LUCIANO CAVALCANTE SESAT ",150.05
FALSE,FALSE,FALSE,FALSE,FALSE,77,46964,,"DOCK STATION PARA 3 HD'S DESCRICAO: SUPORTE A DISCOS DE 2.5"""" E 3.5"""" SATA I, II E III;; INTERFACE COM DUAS PORTAS USB 2.0 E 6 LEITORES DE CARTÃO SD/MS/M2/XD/CF/TF; COMPATIBILIDADE COM HOT-SWAP E PLUG AND PLAY MARCA: EMPIRE MODELO: 893U2 ","0607-30304001 - SEÇÃO DE ATENDIMENTO E APOIO AO USUÁRIO - SECAT-01010200- TRE CE-SEDE - CENTRO, 1º ANDAR SECAT ","150,05"
FALSE,FALSE,FALSE,FALSE,FALSE,81,47538,,"MICROCOMPUTADOR PORTATIL (NOTEBOOK) - DESCRICAO: TELA: 14,1, PROCESSADOR: INTEL CORE 15; MEMÓRIA: 4GB DDR3, HD: 500GB. ACESSÓRIOS: BATERIA; CARREGADOR, MOUSE E MALETA - MARCA: POSITIVO MODELO: MASTER N250i ","0607-30304001 - SEÇÃO DE ATENDIMENTO E APOIO AO USUÁRIO - SECAT-01010200- TRE CE-SEDE - CENTRO, 1º ANDAR SECAT ",1874
FALSE,FALSE,FALSE,FALSE,FALSE,83,47798,,"MICROCOMPUTADOR DESKTOP DESCRICAO: PROCESSADOR: INTEL CORE 15: MEMÓRIA RAM: 8GB (2 X 4GB); HD: 1TB. ACESSÓRIOS: UNIDADE LEITORA E GRAVADORA DE CD/DVD, TECLADO USB E MOUSE OPTICO USB MARCA: HP - MODELO: ELITEDESK 800 SERIE: BRJ504JYXT ","001082-0100000092 - SEÇÃO DE SUPORTE E ATENDIMENTO AO USUÁRIO SESAT 100000279-TRE-CENOVA SEDE TÉRREO - RUA DR. PONTES NETO, 800 BAIRRO LUCIANO CAVALCANTE - SESAT ",2.467.79
FALSE,FALSE,FALSE,FALSE,FALSE,85,48015,,"MONITOR DE VIDEO LCD - DESCRICAO: 21"""" - MARCA: HP - MODELO: HP ELITEDISPLAY E2211-SERIE: CNC4420G23 ","001082-0100000092 - SEÇÃO DE SUPORTE E ATENDIMENTO AO USUÁRIO SESAT 100000279-TRE-CENOVA SEDE TÉRREO - RUA DR. PONTES NETO, 800 BAIRRO LUCIANO CAVALCANTE - SESAT ","702,21"
FALSE,FALSE,FALSE,FALSE,FALSE,86,48755,,POLTRONA GIRATORIA EM TECIDO DESCRICAO: ENCOSTO BAIXO: MED. 42 CM (A) X 45 CM (L). ASSENTO: MED. 45 CM (A) X 47 CM (L),"001082-0100000092 - SEÇÃO DE SUPORTE E ATENDIMENTO AO USUÁRIO - SESAT 100000279-TRE-CENOVA SEDE TERREO - RUA DR. PONTES NETO, 800 BAIRRO LUCIANO CAVALCANTE - SESAT ","230,12"
FALSE,FALSE,FALSE,FALSE,FALSE,90,49048,,CADEIRA FIXA EM PLASTICO - DESCRICAO: COR BRANCA,"000960 30304001 SEÇÃO DE ATENDIMENTO E ΑΡΟΙΟ ΑΟ USUÁRIO SECAT-100000279-TRE-CE-NOVA SEDE - TERREO - RUA DR. PONTES NETO, 800- BAIRRO LUCIANO CAVALCANTE SECAT ",29.99
FALSE,FALSE,FALSE,FALSE,FALSE,91,49251,,CADEIRA FIXA EM PLASTICO DESCRICAO: COR BRANCA,"001082-0100000092 - SEÇÃO DE SUPORTE E ATENDIMENTO AO USUÁRIO SESAT 100000279-TRE-CENOVA SEDE TÉRREO - RUA DR. PONTES NETO, 800 BAIRRO LUCIANO CAVALCANTE - SESAT ","29,99"
FALSE,FALSE,FALSE,FALSE,FALSE,92,49301,,CADEIRA FIXA EM PLASTICO DESCRICAO: COR BRANCA,"000960 30304001 SEÇÃO DE ATENDIMENTO E ΑΡΟΙΟ ΑΟ USUÁRIO SECAT-100000279-TRE-CE-NOVA SEDE - TERREO - RUA DR. PONTES NETO, 800- BAIRRO LUCIANO CAVALCANTE SECAT ","29,99"
FALSE,FALSE,FALSE,FALSE,FALSE,94,49638,,CADEIRA FIXA EM PLASTICO DESCRICAO: COR BRANCA,"000960 30304001 SEÇÃO DE ATENDIMENTO E ΑΡΟΙΟ ΑΟ USUÁRIO SECAT-100000279-TRE-CENOVA -SEDE - TERREO - RUA DR. PONTES NETO, 800- BAIRRO LUCIANO CAVALCANTE SECAT ","29,99"
FALSE,FALSE,FALSE,FALSE,FALSE,95,50271,,SWITCH PARA REDES - DESCRICAO: TIPO I COMUTADOR ETHERNET (24 X GBE + 4 X GBE SFP) MARCA: DATACOM MODELO: DM1200E 24GT+4GX-SERIE: 3342504,"001082-0100000092 - SEÇÃO DE SUPORTE E ATENDIMENTO AO USUÁRIO SESAT 100000279-TRE-CENOVA SEDE TÉRREO - RUA DR. PONTES NETO, 800 BAIRRO LUCIANO CAVALCANTE - SESAT ",1700
FALSE,FALSE,FALSE,FALSE,FALSE,96,50357,,SWITCH PARA REDES - DESCRICAO: ΤΙΡΟ Ι - COMUTADOR ETHERNET (24 X GBE + 4X GBE SFP)MARCA: DATACOM-MODELO: DM1200E 24GT+4GX-SERIE: 3342521,"001082-0100000092 - SEÇÃO DE SUPORTE E ATENDIMENTO AO USUÁRIO SESAT 100000279-TRE-CE NOVA SEDE TÉRREO - RUA DR. PONTES NETO, 800 BAIRRO LUCIANO CAVALCANTE - SESAT ",1700
FALSE,FALSE,FALSE,FALSE,FALSE,97,50442,,MESA PARA EVENTOS MARCA: MOVENORD - DESCRICAO: MED. 120 CM X 60 CM X 75 CM (LX PXA). PERNAS DOBRÁVEIS. TAMPO EM MDF NA COR OVO.,"000960 30304001 SEÇÃO DE ATENDIMENTO E APOIO AO USUÁRIO SECAT-100000279-TRE-CE-NOVA SEDE - TÉRREO - RUA DR. PONTES NETO, 800- BAIRRO LUCIANO CAVALCANTE SECAT ",295.00.
FALSE,FALSE,FALSE,FALSE,FALSE,98,50486,,MESA PARA EVENTOS MARCA: MOVENORD - DESCRICAO: MED. 120 CM X 60 CM X 75 CM (LX PXA). PERNAS DOBRÁVEIS. TAMPO EM MDF NA COR OVO.,"000960 30304001 SEÇÃO DE ATENDIMENTO E ΑΡΟΙΟ ΑΟ USUÁRIO SECAT-100000279-TRE-CE - NOVA SEDE - TERREO - RUA DR. PONTES NETO, 800- BAIRRO LUCIANO CAVALCANTE - SECAT ",295
FALSE,FALSE,FALSE,FALSE,FALSE,99,50521,,MESA PARA EVENTOS MARCA: MOVENORD - DESCRICAO: MED. 120 CM X 60 CM X 75 CM (LX PXA). PERNAS DOBRÁVEIS. TAMPO EM MDF NA COR OVO.,"000960 30304001 SEÇÃO DE ATENDIMENTO E ΑΡΟΙΟ AO USUÁRIO SECAT-100000279-TRE-CE-NOVA SEDE - TÉRREO - RUA DR. PONTES NETO, 800- BAIRRO LUCIANO CAVALCANTE SECAT ",295.00
FALSE,FALSE,FALSE,FALSE,FALSE,106,51187,,"MONITOR DE VIDEO LCD - DESCRICAO: 23,6 POLEGADAS MARCA AOC MODELO: M2470PWH-SERIE: E85621A001312 ","001082-0100000092- SEÇÃO DE SUPORTE E ATENDIMENTO AO USUÁRIO SESAT 100000279-TRE-CE NOVA SEDE TÉRREO - RUA DR. PONTES NETO, 800 BAIRRO LUCIANO CAVALCANTE SESAT ",780
FALSE,FALSE,FALSE,FALSE,FALSE,115,52454,,"POLTRONA GIRATORIA EM TECIDO DESCRICAO: ESPALDAR BAIXO. COR PRETA. MED, 420MM (A) E 450MM(L) ","0607-30304001 - SEÇÃO DE ATENDIMENTO E APOIO AO USUÁRIO - SECAT-01010200- TRE CE-SEDE - CENTRO, 1º ANDAR - SECAT ",390
FALSE,FALSE,FALSE,FALSE,FALSE,117,52623,,MESA PARA EVENTOS - DESCRICAO: COR OVO. MED. 60 CM X 120 CM X 74 CM (PXLX A),"000960 30304001 SEÇÃO DE ATENDIMENTO E ΑΡΟΙΟ AO USUÁRIO SECAT-100000279-TRE-CE - NOVA SEDE - TERREO - RUA DR. PONTES NETO, 800- BAIRRO LUCIANO CAVALCANTE - SECAT ",359.99
FALSE,FALSE,FALSE,FALSE,FALSE,118,52624,,MESA PARA EVENTOS - DESCRICAO: COR OVO. MED. 60 CM X 120 CM X 74 CM (P XLX A),"000960 30304001 SEÇÃO DE ATENDIMENTO E ΑΡΟΙΟ AO USUÁRIO SECAT-100000279-TRE-CE-NOVA SEDE - TÉRREO - RUA DR. PONTES NETO, 800- BAIRRO LUCIANO CAVALCANTE SECAT ",359.99
FALSE,FALSE,FALSE,FALSE,FALSE,120,53382,,DISCO RIGIDO (HD) REMOVIVEL DESCRICAO: 4 TB MARCA: SEAGATE SERIE: NABK5KPH,"0607-30304001 - SEÇÃO DE ATENDIMENTO E APOIO AO USUÁRIO - SECAT-01010200 TRE CE-SEDE - CENTRO, 1º ANDAR SECAT ","584,23"
FALSE,FALSE,FALSE,FALSE,FALSE,121,53383,,DISCO RIGIDO (HD) REMOVIVEL DESCRICAO: 4 TB MARCA: SEAGATE SERIE: NABJY98T,"0607-30304001 - SEÇÃO DE ATENDIMENTO E APOIO AO USUÁRIO - SECAT-01010200- TRE_CE-SEDE - CENTRO, 1º ANDAR - SECAT ","584,23"
FALSE,FALSE,FALSE,FALSE,FALSE,122,53384,,DISCO RIGIDO (HD) REMOVIVEL DESCRICAO: 4 TB MARCA: SEAGATE SERIE: NABJXHZV,"0607-30304001 - SEÇÃO DE ATENDIMENTO E APOIO AO USUÁRIO - SECAT-01010200- TRE CE-SEDE - CENTRO, 1º ANDAR SECAT ","584,23"
FALSE,FALSE,FALSE,FALSE,FALSE,123,53385,,DISCO RIGIDO (HD) REMOVIVEL DESCRICAO: 4 TB MARCA: SEAGATE SERIE: NA8JYB1B,"0607-30304001 - SEÇÃO DE ATENDIMENTO E APOIO AO USUÁRIO - SECAT-01010200- TRE_CE-SEDE - CENTRO, 1º ANDAR SECAT ",584.23
FALSE,FALSE,FALSE,FALSE,FALSE,125,53387,,DISCO RIGIDO (HD) REMOVIVEL DESCRICAO: 4 TB MARCA: SEAGATE SERIE: NA8K380J,"0607-30304001 - SEÇÃO DE ATENDIMENTO E APOIO AO USUÁRIO - SECAT-01010200- TRE_CE-SEDE - CENTRO, 1º ANDAR SECAT ",584.23
FALSE,FALSE,FALSE,FALSE,FALSE,127,53389,,DISCO RIGIDO (HD) REMOVIVEL DESCRICAO: 4 TB MARCA: SEAGATE SERIE: NA8JH85S,"0607-30304001 - SEÇÃO DE ATENDIMENTO E APOIO AO USUÁRIO - SECAT-01010200- TRE CE-SEDE - CENTRO, 1º ANDAR - SECAT ",584.23
FALSE,FALSE,FALSE,FALSE,FALSE,128,53390,,DISCO RIGIDO (HD) REMOVIVEL DESCRICAO: 4 TB MARCA: SEAGATE SERIE: NA8JY88A,"001082-0100000092 - SEÇÃO DE SUPORTE E ATENDIMENTO AO USUÁRIO - SESAT 100000279-TRE-CE NOVA SEDE TÉRREO - RUA DR. PONTES NETO, 800 BAIRRO LUCIANO CAVALCANTE SESAT ","584,23"
FALSE,FALSE,FALSE,FALSE,FALSE,129,53391,,DISCO RIGIDO (HD) REMOVIVEL DESCRICAO: 4 TB MARCA: SEAGATE SERIE: NA8JXVMA,"001082-0100000092 - SEÇÃO DE SUPORTE E ATENDIMENTO AO USUÁRIO SESAT 100000279-TRE-CENOVA SEDE TÉRREO - RUA DR. PONTES NETO, 800 BAIRRO LUCIANO CAVALCANTE SESAT ","584,23"
FALSE,FALSE,FALSE,FALSE,FALSE,130,53393,,DISCO RIGIDO (HD) REMOVIVEL DESCRICAO: 4 TB MARCA: SEAGATE SERIE: NA8JXFVB,"0607-30304001 - SEÇÃO DE ATENDIMENTO E APOIO AO USUÁRIO - SECAT-01010200- TRE CE-SEDE - CENTRO, 1º ANDAR SECAT ","584,23"
FALSE,FALSE,FALSE,FALSE,FALSE,131,53394,,DISCO RIGIDO (HD) REMOVIVEL DESCRICAO: 4 TB MARCA: SEAGATE SERIE: NA8K3538,"0607-30304001 - SEÇÃO DE ATENDIMENTO E APOIO AO USUÁRIO - SECAT-01010200- TRE CE-SEDE - CENTRO, 1º ANDAR SECAT ","584,23"
FALSE,FALSE,FALSE,FALSE,FALSE,132,53395,,DISCO RIGIDO (HD) REMOVIVEL DESCRICAO: 4 TB MARCA: SEAGATE SERIE: NA8JXVB1,"001082-0100000092 - SEÇÃO DE SUPORTE E ATENDIMENTO AO USUÁRIO - SESAT 100000279-TRE-CE NOVA SEDE TERREO - RUA DR. PONTES NETO, 800 BAIRRO LUCIANO CAVALCANTE SESAT ",584.23
FALSE,FALSE,FALSE,FALSE,FALSE,133,53396,,DISCO RIGIDO (HD) REMOVIVEL DESCRICAO: 4 TB MARCA: SEAGATE SERIE: NA8J2NV9,"0607-30304001 - SEÇÃO DE ATENDIMENTO E APOIO AO USUÁRIO - SECAT-01010200 - TRE CE-SEDE - CENTRO, 1º ANDAR SECAT ","584,23"
FALSE,FALSE,FALSE,FALSE,FALSE,134,53397,,DISCO RIGIDO (HD) REMOVIVEL DESCRICAO: 4 TB MARCA: SEAGATE SERIE: NA8JXFWC,"0607-30304001 - SEÇÃO DE ATENDIMENTO E APOIO AO USUÁRIO - SECAT-01010200- TRE_CE-SEDE - CENTRO, 1º ANDAR SECAT ",584.23
FALSE,FALSE,FALSE,FALSE,FALSE,135,53398,,DISCO RIGIDO (HD) REMOVIVEL DESCRICAO: 4 TB-MARCA: SEAGATE,"0607-30304001 - SEÇÃO DE ATENDIMENTO E APOIO AO USUÁRIO - SECAT-01010200 TRE CE-SEDE - CENTRO, 1º ANDAR SECAT ","584,23"
FALSE,FALSE,FALSE,FALSE,FALSE,136,53399,,DISCO RIGIDO (HD) REMOVIVEL DESCRICAO: 4 TB-MARCA: SEAGATE,"0607-30304001 - SEÇÃO DE ATENDIMENTO E APOIO AO USUÁRIO - SECAT-01010200- TRE_CE-SEDE - CENTRO, 1º ANDAR SECAT ",584.23
FALSE,FALSE,FALSE,FALSE,FALSE,137,53400,,DISCO RIGIDO (HD) REMOVIVEL DESCRICAO: 4 TB-MARCA: SEAGATE,"0607-30304001 - SEÇÃO DE ATENDIMENTO E APOIO AO USUÁRIO - SECAT-01010200 - TRE CE-SEDE - CENTRO, 1º ANDAR SECAT ","584,23"
FALSE,FALSE,FALSE,FALSE,FALSE,138,53401,,DISCO RIGIDO (HD) REMOVIVEL DESCRICAO: 4 TB-MARCA: SEAGATE,"0607-30304001 - SEÇÃO DE ATENDIMENTO E APOIO AO USUÁRIO - SECAT-01010200- TRE CE-SEDE - CENTRO, 1º ANDAR SECAT ",584.23
FALSE,FALSE,FALSE,FALSE,FALSE,139,53402,,DISCO RIGIDO (HD) REMOVIVEL DESCRICAO: 4 TB-MARCA: SEAGATE,"0607-30304001 - SEÇÃO DE ATENDIMENTO E APOIO AO USUÁRIO - SECAT-01010200- TRE CE-SEDE - CENTRO, 1º ANDAR SECAT ","584,23"
FALSE,FALSE,FALSE,FALSE,FALSE,140,53403,,DISCO RIGIDO (HD) REMOVIVEL DESCRICAO: 4 TB-MARCA: SEAGATE,"0607-30304001 - SEÇÃO DE ATENDIMENTO E APOIO AO USUÁRIO - SECAT - 01010200 TRE CE-SEDE - CENTRO, 1º ANDAR SECAT ","584,23"
FALSE,FALSE,FALSE,FALSE,FALSE,141,53404,,DISCO RIGIDO (HD) REMOVIVEL DESCRICAO: 4 TB-MARCA: SEAGATE,"0607-30304001 - SEÇÃO DE ATENDIMENTO E APOIO AO USUÁRIO - SECAT-01010200- TRE CE-SEDE - CENTRO, 1º ANDAR SECAT ","584,23"
FALSE,FALSE,FALSE,FALSE,FALSE,142,53405,,DISCO RIGIDO (HD) REMOVIVEL DESCRICAO: 4 TB-MARCA: SEAGATE,"0607-30304001 - SEÇÃO DE ATENDIMENTO E APOIO AO USUÁRIO - SECAT-01010200 TRE CE-SEDE - CENTRO, 1º ANDAR SECAT ","584,23"
FALSE,FALSE,FALSE,FALSE,FALSE,144,53586,,MICROCOMPUTADOR DESKTOP - MARCA: DATEN MODELO: DC1A-S SERIE: 01020290010064,"001082-0100000092 - SEÇÃO DE SUPORTE E ATENDIMENTO AO USUÁRIO SESAT 100000279-TRE-CE NOVA SEDE TERREO - RUA DR. PONTES NETO, 800 BAIRRO LUCIANO CAVALCANTE SESAT ","1990,99"
FALSE,FALSE,FALSE,FALSE,FALSE,145,53699,,FRAGMENTADORA DE PAPEL - DESCRICAO: COR PRETA. ALIMENTAÇÃO 220 VOLTS. - MARCA: SECURITY - MODELO: 1201 - SERIE: 34943,"000960 30304001 SEÇÃO DE ATENDIMENTO E ΑΡΟΙΟ AO USUÁRIO SECAT-100000279-TRE-CE-NOVA SEDE - TERREO - RUA DR. PONTES NETO, 800 - BAIRRO LUCIANO CAVALCANTE - SECAT ",543
FALSE,FALSE,FALSE,FALSE,FALSE,146,53769,,"MESA DE USO DIVERSO EM PLASTICO DESCRICAO: QUADRADA, PERNAS FIXAS, COR BRANCA, EMPILHÁVEL. MED. 72 CM (A) X 70 CM (P) X 70 CM (L) - MARCA: INOVA ","000960 30304001 SEÇÃO DE ATENDIMENTO E ΑΡΟΙΟ ΑΟ USUÁRIO SECAT-100000279-TRE-CE-NOVA SEDE - TERREO - RUA DR. PONTES NETO, 800- BAIRRO LUCIANO CAVALCANTE SECAT ",59.50
FALSE,FALSE,FALSE,FALSE,FALSE,147,54160,,"MESA DE USO DIVERSO EM PLASTICO DESCRICAO: QUADRADA, PERNAS FIXAS, COR BRANCA, EMPILHÁVEL. MED. 72 CM (A) X 70 CM (P) X 70 CM (L) - MARCA: INOVA ","000960 30304001 SEÇÃO DE ATENDIMENTO E ΑΡΟΙΟ AO USUÁRIO SECAT-100000279-TRE-CE-NOVA SEDE - TERREO - RUA DR. PONTES NETO, 800 - BAIRRO LUCIANO CAVALCANTE SECAT ","59,5"
FALSE,FALSE,FALSE,FALSE,FALSE,159,56854,,POLTRONA GIRATORIA EM TECIDO DESCRICAO: ESPALDAR BAIXO. COR PRETA. MED. 420MM (A) E 450MM(L),"001082-0100000092 - SEÇÃO DE SUPORTE E ATENDIMENTO AO USUÁRIO SESAT 100000279-TRE-CE NOVA SEDE TÉRREO - RUA DR. PONTES NETO, 800 BAIRRO LUCIANO CAVALCANTE - SESAT ",383
FALSE,FALSE,FALSE,FALSE,FALSE,160,56885,,WEBCAM 8 MP MARCA: LOGITECH MODELO: C525,"001082-0100000092 - SEÇÃO DE SUPORTE E ATENDIMENTO AO USUÁRIO SESAT 100000279-TRE-CE NOVA SEDE TÉRREO - RUA DR. PONTES NETO, 800 BAIRRO LUCIANO CAVALCANTE SESAT ",217.33
FALSE,FALSE,FALSE,FALSE,FALSE,162,57003,,MICROCOMPUTADOR PORTATIL (NOTEBOOK) DESCRICAO: PROCESSADOR: CORE 15. MEMORIA: 8GB. HD: 256 GB. MARCA: ACER MODELO: A515-52-536H SERIE: NXHDAAL004938884279501,"001082-0100000092 - SEÇÃO DE SUPORTE E ATENDIMENTO AO USUÁRIO SESAT 100000279-TRE-CENOVA SEDE TÉRREO-RUA DR. PONTES NETO, 800 BAIRRO LUCIANO CAVALCANTE SESAT ","3331,11"
FALSE,FALSE,FALSE,FALSE,FALSE,167,57053,,MICROCOMPUTADOR PORTATIL (NOTEBOOK) DESCRICAO: PROCESSADOR: CORE 15. MEMÓRIA: 8GB. HD: 256 GB. MARCA: ACER MODELO: A515-52-536H SERIE: NXHDAAL0049408E0099501,"001082-0100000092 - SEÇÃO DE SUPORTE E ATENDIMENTO AO USUÁRIO SESAT 100000279-TRE-CE NOVA SEDE TERREO - RUA DR. PONTES NETO, 800 BAIRRO LUCIANO CAVALCANTE SESAT ","3331,11"
FALSE,FALSE,FALSE,FALSE,FALSE,179,57179,,APARELHO TELEFONICO IP COM LCD MARCA: GRANDSTREAM MODELO: GXP-1625,"0607-30304001 - SEÇÃO DE ATENDIMENTO E APOIO AO USUÁRIO - SECAT - 01010200- TRE CE-SEDE - CENTRO, 1º ANDAR SECAT ","240,08"
FALSE,FALSE,FALSE,FALSE,FALSE,201,59535,,MICROCOMPUTADOR DESKTOP DESCRICAO: ACESSÓRIOS: TECLADO USB E MOUSE USB-MARCA: POSITIVO MODELO: MASTER C6300 MINIPRO - SERIE: 5A265MK7I,"000960 30304001 SEÇÃO DE ATENDIMENTO E ΑΡΟΙΟ ΑΟ USUÁRIO SECAT-100000279-TRE-CE - NOVA SEDE - TERREO - RUA DR. PONTES NETO, 800- BAIRRO LUCIANO CAVALCANTE SECAT ","3259,02"
FALSE,FALSE,FALSE,FALSE,FALSE,213,61589,,MICROCOMPUTADOR PORTÁTIL (ULTRABOOK) PROCESSADOR 15-MARCA: HP MODELO: EB640G9 SERIE: BRJ2474298,"000960 30304001 SEÇÃO DE ATENDIMENTO E ΑΡΟΙΟ AO USUÁRIO SECAT-100000279-TRE-CE-NOVA SEDE - TERREO - RUA DR. PONTES NETO, 800 - BAIRRO LUCIANO CAVALCANTE SECAT ",6870
FALSE,FALSE,FALSE,FALSE,FALSE,214,61608,,MICROCOMPUTADOR PORTÁTIL (ULTRABOOK) PROCESSADOR 15-MARCA: HP MODELO: EB640G9 SERIE: BRJ247427W,"001082-0100000092 - SEÇÃO DE SUPORTE E ATENDIMENTO AO USUÁRIO - SESAT 100000279-TRE-CE NOVA SEDE TERREO - RUA DR. PONTES NETO, 800 BAIRRO LUCIANO CAVALCANTE SESAT ",6870
FALSE,FALSE,FALSE,FALSE,FALSE,215,61706,,"ESTAÇÃO DE TRABALHO INDIVIDUAL DESCRICAO: MED. 1,50 M X 0,60 M X 1,50 M X 0,60 M (LX PXH) - MARCA: GRIF - MODELO: AMAZONAS ","001082-0100000092 - SEÇÃO DE SUPORTE E ATENDIMENTO AO USUÁRIO SESAT 100000279-TRE-CENOVA SEDE TÉRREO - RUA DR. PONTES NETO, 800 BAIRRO LUCIANO CAVALCANTE - SESAT ","1487,64"
FALSE,FALSE,FALSE,FALSE,FALSE,216,61760,,MICROCOMPUTADOR PORTÁTIL (ULTRABOOK) PROCESSADOR 15 - MARCA: HP MODELO: EB640G9 SERIE: BRJ2494B3Z,"000960 30304001 SEÇÃO DE ATENDIMENTO E ΑΡΟΙΟ ΑΟ USUÁRIO SECAT-100000279-TRE-CE-NOVA SEDE - TERREO - RUA DR. PONTES NETO, 800- BAIRRO LUCIANO CAVALCANTE SECAT ",6870
FALSE,FALSE,FALSE,FALSE,FALSE,217,61762,,MICROCOMPUTADOR PORTÁTIL (ULTRABOOK) PROCESSADOR 15-MARCA: HP MODELO: EB640G9 SERIE: BRJ2494B2X,"000960 30304001 SEÇÃO DE ATENDIMENTO E ΑΡΟΙΟ AO USUÁRIO SECAT-100000279-TRE-CE-NOVA SEDE - TERREO - RUA DR. PONTES NETO, 800 - BAIRRO LUCIANO CAVALCANTE SECAT ",6870
FALSE,FALSE,FALSE,FALSE,FALSE,220,61947,,MICROCOMPUTADOR PORTATIL (NOTEBOOK) DESCRICAO: PROCESSADOR INTEL® CORE 15-MARCA: ACER MODELO: NITROS SERIE: NHQF0AL002302016069Z00,"000960 30304001 SEÇÃO DE ATENDIMENTO E ΑΡΟΙΟ ΑΟ USUÁRIO SECAT-100000279-TRE-CE - NOVA SEDE - TERREO - RUA DR. PONTES NETO, 800- BAIRRO LUCIANO CAVALCANTE SECAT ",6649
FALSE,FALSE,FALSE,FALSE,FALSE,223,61985,,MICROCOMPUTADOR PORTATIL (NOTEBOOK) DESCRICAO: PROCESSADOR INTEL® CORE 15 - MARCA: ACER MODELO: NITROS SERIE: NHQF0AL0022500121D9Z00,"000960 30304001 SEÇÃO DE ATENDIMENTO E ΑΡΟΙΟ AO USUÁRIO SECAT-100000279-TRE-CE-NOVA SEDE - TERREO - RUA DR. PONTES NETO, 800 - BAIRRO LUCIANO CAVALCANTE SECAT ",6649
FALSE,FALSE,FALSE,FALSE,FALSE,224,61986,,MICROCOMPUTADOR PORTATIL (NOTEBOOK) DESCRICAO: PROCESSADOR INTEL® CORE 15-MARCA: ACER MODELO: NITRO5 SERIE: NHQF0AL002247001159200,"001082-0100000092 - SEÇÃO DE SUPORTE E ATENDIMENTO AO USUÁRIO - SESAT 100000279-TRE-CE NOVA SEDE TERREO - RUA DR. PONTES NETO, 800 BAIRRO LUCIANO CAVALCANTE SESAT ",6649
FALSE,FALSE,FALSE,FALSE,FALSE,225,61987,,MICROCOMPUTADOR PORTATIL (NOTEBOOK) DESCRICAO: PROCESSADOR INTEL® CORE 15 - MARCA: ACER MODELO: NITROS SERIE: NHQF0AL0023020160F9Z00,"000960 30304001 SEÇÃO DE ATENDIMENTO E ΑΡΟΙΟ AO USUÁRIO SECAT-100000279-TRE-CE-NOVA SEDE - TERREO - RUA DR. PONTES NETO, 800 - BAIRRO LUCIANO CAVALCANTE - SECAT ",6649
FALSE,FALSE,FALSE,FALSE,FALSE,226,61988,,MICROCOMPUTADOR PORTATIL (NOTEBOOK) DESCRICAO: PROCESSADOR INTEL® CORE 15-MARCA: ACER MODELO: NITROS SERIE: NHQF0AL002247001209200,"000960 30304001 SEÇÃO DE ATENDIMENTO E ΑΡΟΙΟ ΑΟ USUÁRIO SECAT-100000279-TRE-CE-NOVA SEDE - TERREO - RUA DR. PONTES NETO, 800- BAIRRO LUCIANO CAVALCANTE SECAT ",6649
FALSE,FALSE,FALSE,FALSE,FALSE,235,62298,,"ESTAÇÃO DE TRABALHO INDIVIDUAL DESCRICAO: COR CINZA, MED. 1500 X 600 (DESMEMBRADA DA ESTAÇÃO DE 4 POSTOS) MARCA: GRIF MODELO: AMAZONAS ","001082-0100000092 - SEÇÃO DE SUPORTE E ATENDIMENTO AO USUÁRIO SESAT 100000279-TRE-CENOVA SEDE TÉRREO - RUA DR. PONTES NETO, 800 BAIRRO LUCIANO CAVALCANTE - SESAT ","1296,06"
FALSE,FALSE,FALSE,FALSE,FALSE,239,62302,,ESTAÇÃO DE TRABALHO INDIVIDUAL DESCRICAO: COR CINZA. MED. 1500 X 600 (DESMEMBRADA DA ESTAÇÃO DE 4 POSTOS) MARCA: GRIF MODELO: AMAZONAS,"001082-0100000092 - SEÇÃO DE SUPORTE E ATENDIMENTO AO USUÁRIO - SESAT 100000279-TRE-CE NOVA SEDE TERREO - RUA DR. PONTES NETO, 800 BAIRRO LUCIANO CAVALCANTE SESAT ",1.296.06
FALSE,FALSE,FALSE,FALSE,FALSE,243,63265,,MICROCOMPUTADOR DESKTOP - MARCA: POSITIVO - MODELO: C8400,"001082-0100000092 - SEÇÃO DE SUPORTE E ATENDIMENTO AO USUÁRIO SESAT 100000279-TRE-CENOVA SEDE TÉRREO - RUA DR. PONTES NETO, 800 BAIRRO LUCIANO CAVALCANTE - SESAT ","4649,98"
FALSE,FALSE,FALSE,FALSE,FALSE,245,63504,,MICROCOMPUTADOR DESKTOP - MARCA: POSITIVO MODELO: C8400,"001082-0100000092 - SEÇÃO DE SUPORTE E ATENDIMENTO AO USUÁRIO SESAT 100000279-TRE-CENOVA SEDE TÉRREO - RUA DR. PONTES NETO, 800 BAIRRO LUCIANO CAVALCANTE - SESAT ","4649,98"
FALSE,FALSE,FALSE,FALSE,FALSE,246,63881,,MONITOR DE VIDEO LED MARCA: POSITIVO MODELO: 24BN650U,"001082-0100000092 - SEÇÃO DE SUPORTE E ATENDIMENTO AO USUÁRIO - SESAT 100000279-TRE-CE NOVA SEDE TERREO - RUA DR. PONTES NETO, 800 BAIRRO LUCIANO CAVALCANTE SESAT ","696,02"
FALSE,FALSE,FALSE,FALSE,FALSE,248,824690,,SOFTWARE (PEN DRIVE PARA ATIVAÇÃO - DONGLE) - KIT BIO - SERIE: 15455,"0607-30304001 - SEÇÃO DE ATENDIMENTO E APOIO AO USUÁRIO - SECAT-01010200- TRE_CE-SEDE - CENTRO, 1º ANDAR SECAT ",5500
FALSE,FALSE,FALSE,FALSE,FALSE,250,850604,,SOFTWARE COM VIDA UTIL INDEFINIDA DESCRICAO: MICROSOFT WINDOWS OFFICE HOME & BUSINESS 2016 (1 LICENÇA VITALICIA). PAD N° 13788/2018.,"001082-0100000092 - SEÇÃO DE SUPORTE E ATENDIMENTO AO USUÁRIO SESAT 100000279-TRE-CE NOVA SEDE TÉRREO - RUA DR. PONTES NETO, 800 BAIRRO LUCIANO CAVALCANTE SESAT ","424,91"
FALSE,FALSE,FALSE,FALSE,FALSE,251,850605,,SOFTWARE COM VIDA ÚTIL INDEFINIDA DESCRICAO: MICROSOFT WINDOWS OFFICE HOME & BUSINESS 2016 (1 LICENÇA VITALICIA). PAD N° 13788/2018.,"001082-0100000092 - SEÇÃO DE SUPORTE E ATENDIMENTO AO USUÁRIO - SESAT 100000279-TRE-CE NOVA SEDE TÉRREO - RUA DR. PONTES NETO, 800 BAIRRO LUCIANO CAVALCANTE SESAT ","424,91"
FALSE,FALSE,FALSE,FALSE,FALSE,252,60015601,,MODULO CENÁRIO KIT BIO MARCA: AKIYAMA-SERIE: 00260600008A,001179-0100000092 - SEÇÃO DE SUPORTE E ATENDIMENTO AO USUÁRIO SESAT 100000361-TRE-CE-NOVA SEDE OPR- NÚCLEO DO SERVIÇO DE OPERAÇÃO - SESAT,800
FALSE,FALSE,FALSE,FALSE,FALSE,253,60045517,,PAD PARA CAPTURA DE ASSINATURA DO ELEITOR KIT BIOMARCA: E-SING PAD - MODELO: MSP 4300-SERIE: 151410518,001179-0100000092 - SEÇÃO DE SUPORTE E ATENDIMENTO AO USUÁRIO SESAT 100000361-TRE-CE-NOVA SEDE - OPR NÚCLEO DO SERVIÇO DE OPERAÇÃO - SESAT,"965,69"
FALSE,FALSE,FALSE,FALSE,FALSE,258,60094395,,DISPOSITIVO DE CAPTURA DE IMAGENS DIGITAIS (CAMERA DIGITAL) - KIT BIO - MARCA: CANON MODELO: SX510 HS SERIE: 150308396,001179-0100000092 - SEÇÃO DE SUPORTE E ATENDIMENTO AO USUÁRIO SESAT 100000361-TRE-CE-NOVA SEDE OPR- NÚCLEO DO SERVIÇO DE OPERAÇÃO - SESAT,"1062,5"
FALSE,FALSE,FALSE,FALSE,FALSE,260,60105297,,MODULO CENÁRIO KIT BIO MARCA: AKIYAMA - MODELO: AK-MCP 14V - SERIE: 150502298,001179-0100000092 - SEÇÃO DE SUPORTE E ATENDIMENTO AO USUÁRIO SESAT 100000361-TRE-CE-NOVA SEDE OPR- NÚCLEO DO SERVIÇO DE OPERAÇÃO - SESAT,"632,7"
FALSE,FALSE,FALSE,FALSE,FALSE,261,60135653,,TRIPE KIT BIO - MARCA: AKIYAMA,"001082-0100000092 - SEÇÃO DE SUPORTE E ATENDIMENTO AO USUÁRIO - SESAT 100000279-TRE-CE NOVA SEDE TÉRREO - RUA DR. PONTES NETO, 800 BAIRRO LUCIANO CAVALCANTE SESAT ",80
FALSE,FALSE,FALSE,FALSE,FALSE,264,60186063,,PAD PARA CAPTURA DE ASSINATURA DO ELEITOR - KIT BIO MARCA: AKIYAMA MODELO: AK560 - SERIE: AK. 06-37392,"001082-0100000092 - SEÇÃO DE SUPORTE E ATENDIMENTO AO USUÁRIO SESAT 100000279-TRE-CENOVA SEDE TÉRREO - RUA DR. PONTES NETO, 800 BAIRRO LUCIANO CAVALCANTE - SESAT ",1399